Brand Name,Slug,Redemption Type,Default Discount %,Best Discount %,Payment Method for Best Discount,Denominations Available,Online/Offline,T&Cs Summary
Archies Gallery,archies-gallery,B,15,15,PAYTM UPI,100 / 250 / 500 / 1000 / 2000 / 5000 / 100-10000 (custom),Both,Archies Insta Gift Vouchers are accepted both at outlets and online. Multiple Vouchers can be used a
Bata,bata,OFF,7,7,PAYTM UPI,2000 / 3000 / 4000 / 5000 / 2000-5000 (custom) / 100-10000 (custom),Offline,Gift Voucher/ e-Pay is ACCEPTED at all Listed Outlets. Gift Voucher/ e-Pay CANNOT be used Online. Gi
TGIF,tgif,OFF,6,6,PAYTM UPI,100 / 500 / 1000 / 2000 / 5000 / 100-10000 (custom),Offline,Gift Vouchers CANNOT be used Online. Multiple Gift Vouchers CAN be used in one bill. Gift Vouchers C
Pizza Hut,pizza-hut,B,8.5,8.5,PAYTM UPI,100 / 250 / 500 / 1000 / 2000,Both,"Accepted at all listed stores, the mobile app, and www.pizzahut.co.in. Use up to 5 GVs/GCs in-store,"
Costa Coffee,costa-coffee,OFF,3,3,PAYTM UPI,100 / 250 / 500 / 1000,Offline,Gift Vouchers CANNOT be used Online. Multiple Gift Vouchers CAN be used in one bill. Gift Vouchers a
KFC,kfc,B,3,3,PAYTM UPI,500 / 1000,Both,Gift Vouchers are accepted at all Listed Outlets and on the website at online.kfc.co.in/home Single 
Ferns N Petals,ferns-n-petals,ON,18,18,PAYTM UPI,500 / 1000 / 2000,Online,Gift Vouchers CAN be redeemed ONLY on https://www.fnp.com/ & App. Only one Gift Vouchers CAN be used
Baskin Robbins,baskin-robbins,OFF,17,17,PAYTM UPI,50 / 250 / 500 / 100-10000 (custom),Offline,Gift Vouchers CANNOT be used Online. Multiple GVs CAN be combined and added to the e-Pay balance. Gi
Hidesign,hidesign,B,9,9,PAYTM UPI,250 / 500 / 1000 / 2000 / 5000 / 100-10000 (custom),Both,Gift Vouchers CANNOT be used Online. Gift Vouchers CAN be used during Sale Multiple Gift Vouchers CA
Croma,croma,B,2,2,PAYTM UPI,500 / 2000 / 3000 / 10000,Both,GV/GC can be accepted at all Listed Outlets and on the website at https://www.croma.com/. Maximum 5 
Home Centre,home-centre,OFF,4.5,4.5,PAYTM UPI,1000 / 2000,Offline,Gift Vouchers CAN be used to buy discounted products. Multiple Gift Vouchers CAN be used in one bill
Levis,levis,B,0,0,,250 / 500 / 1000 / 2000 / 5000 / 100-10000 (custom),Both,GV/GC CAN be used Online & at listed stores. GV/GC will not be accepted on Discounted Articles durin
PANTALOONS,pantaloons,OFF,7,7,PAYTM UPI,500 / 1000 / 2000 / 5000 / 7500 / 100-10000 (custom),Offline,GV/GC can be redeemed for any product at participating pantaloons stores across India. More than one
The Raymond Shop,the-raymond-shop,OFF,10,10,PAYTM UPI,500 / 1000 / 2000 / 5000 / 100-10000 (custom) / 100-20000 (custom),Offline,Gift Voucher/ e-Pay is ACCEPTED at all Listed Outlets. Gift Voucher/ e-Pay CANNOT be used Online. Gi
Bobbi Brown,bobbi-brown,OFF,10,10,PAYTM UPI,1000 / 2000,Offline,Gift Vouchers CAN Only be used at listed outlets Gift Vouchers CAN be used to buy discounted product
Mac,mac,OFF,0,10,UPI,,Offline,Gift Vouchers CAN Only be used at listed outlets Gift Vouchers CAN be used to buy discounted product
Mainland China,mainland-china,OFF,0,0,,250 / 500 / 1000 / 2000 / 5000,Offline,Gift Vouchers CANNOT be used Online. Multiple Gift Vouchers CAN be used in one bill. Gift Vouchers C
SIGREE,sigree,OFF,0,0,,250 / 500 / 1000 / 2000 / 5000,Offline,Gift Vouchers CANNOT be used Online. Multiple Gift Vouchers CAN be used in one bill. Gift Vouchers C
Oh! Calcutta,oh-calcutta,OFF,0,0,,250 / 500 / 1000 / 2000 / 5000,Offline,Gift Vouchers CANNOT be used Online. Multiple Gift Vouchers CAN be used in one bill. Gift Vouchers C
Sweet Bengal,sweet-bengal,OFF,12,12,PAYTM UPI,250 / 500,Offline,Gift Vouchers CANNOT be used Online. Multiple Gift Vouchers CAN be used in one bill. Gift Vouchers C
Myntra,myntra,ON,4.5,4.5,PAYTM UPI,100 / 250 / 500 / 1000 / 2000 / 3000 / 5000 / 7500 / 10000,Online,Gift Vouchers CAN be used Online at myntra.com & Myntra App Multiple Gift Voucher CAN be used in one
Titan,titan,OFF,8,8,Credit Card,100-10000 (custom),Offline,This Voucher can be redeemed at all company authorized TITAN WORLD Stores. Multiple vouchers (upto 5
Fastrack,fastrack,OFF,8,8,PAYTM UPI,500 / 1000 / 2000 / 5000,Offline,This voucher can be redeemed at all company authorized FASTRACK Stores. Voucher Partial redemption i
Westside,westside,OFF,0,0,,250 / 500 / 1000 / 2000 / 5000,Offline,The GV/GC can be used at all listed Westside stores. The GV/GC CANNOT be used Online. Multiple GV ca
Prestige,prestige,B,0,0,,100-10000 (custom),Both,Gift Vouchers CAN be used to buy discounted products. Multiple Gift Vouchers CAN be used in one bill
William Penn,william-penn,OFF,6,6,PAYTM UPI,1000 / 2000 / 5000 / 100-10000 (custom),Offline,Multiple Gift Cards CAN be used in one bill Gift Cards CAN be used during sale Gift Cards are ACCEPT
Woodland,woodland,B,10,10,PAYTM UPI,250 / 500 / 1000 / 2000 / 5000 / 100-10000 (custom),Both,Gift Vouchers are ACCEPTED on the website all listed outlets. Gift Vouchers CAN be used during Sale.
Hush Puppies,hush-puppies,OFF,7,7,PAYTM UPI,3000 / 4000 / 5000 / 6000 / 7000 / 7500 / 100-10000 (custom),Offline,Gift Vouchers are ACCEPTED at all Listed Outlets. Gift Vouchers CAN be used during Sale. A maximum o
Lifestyle,lifestyle,OFF,4.5,4.5,PAYTM UPI,1000 / 5000,Offline,Gift Vouchers CAN be used to buy discounted products. Multiple Gift Vouchers CAN be used in one bill
Shoppers Stop,shoppers-stop,B,0,0,,2000 / 5000 / 10000,Both,Gift Vouchers CAN be used both ONLINE and OFFLINE . Gift Vouchers CAN be used to buy discounted prod
Tanishq,tanishq,OFF,0,0,,500 / 1000 / 2000 / 5000 / 10000,Offline,10 vouchers can be used in a single transaction. Gift Vouchers CAN be clubbed with on-going promotio
Helios,helios,OFF,5,5,Credit Card,500 / 1000 / 2000 / 5000,Offline,Gift Vouchers CAN be used at all company authorized HELIOS Stores. Gift Vouchers CANNOT be used duri
Titan Eye Plus,titan-eye-plus,OFF,5,5,Credit Card,500 / 2000,Offline,Gift Vouchers CAN be used at all listed outlets Gift Vouchers CANNOT be used during sale Maximum 5 G
Amazon,amazon,ON,0,0,,250 / 500 / 1000 / 1500 / 2000 / 2500 / 3000 / 5000 / 10000,Online,Amazon Pay Gift Cards are valid for 365 days from the date of purchase and carry no fees Receiver ca
Fab Hotels,fab-hotels,ON,10,10,Credit Card,500 / 1000 / 1500 / 2000 / 2500 / 5000 / 100-10000 (custom),Online,Gift Vouchers CAN only be used online at https://bit.ly/36n9Bcl Gift Vouchers CAN be Clubbed with on
Flipkart,flipkart,ON,1.25,1.25,PAYTM UPI,1000 / 2000 / 10000,Online,Gift Cards CAN be used Online at http://bit.ly/2Ntg6D6 & Flipkart App. Gift Cards CAN be used to buy
Reader's Digest,readers-digest,ON,25,25,PAYTM UPI,,Online,The GV/GC would be accepted on the official website only. Only One GV/GC can be used for one subscri
Spencer's Retail,spencers-retail,OFF,5,5,PAYTM UPI,100 / 250 / 500 / 1000 / 2000 / 5000,Offline,Gift Vouchers are ACCEPTED at all listed outlets Multiple Gift Vouchers CAN be used in one bill Gift
Relaxo,relaxo,OFF,8,8,PAYTM UPI,500 / 1000 / 2000 / 5000 / 100-10000 (custom),Offline,Gift Vouchers CANNOT be used Online. Multiple Gift Vouchers CAN be used in one bill. Gift Vouchers C
Crossword,crossword,ON,8,8,PAYTM UPI,250 / 500 / 1000 / 2000 / 250-10000 (custom),Online,The GV/GC will be accepted on the website: crossword.in . GV/e-Pay can be clubbed with existing offe
Kalyan Gold Coins,kalyan-gold-coins,OFF,0,0,,,Offline,Multiple Gift Vouchers CAN be used in one bill. Gift Vouchers CAN be clubbed with on-going promotion
PC Jeweller Gold Coin,pc-jeweller-gold-coin,OFF,0,0,,1000 / 2000 / 2500 / 5000 / 100-10000 (custom),Offline,Gift voucher can be used at listed PC Jeweller outlets. Multiple Gift voucher can be used in one bil
Aurelia,aurelia,OFF,10,10,PAYTM UPI,100-10000 (custom),Offline,Gift Vouchers CAN Only be used at listed outlets Gift Vouchers CAN be used to buy discounted product
W,w,OFF,10,10,PAYTM UPI,100-10000 (custom),Offline,Gift Vouchers CAN Only be used at listed outlets Gift Vouchers CAN be used to buy discounted product
Kalyan Gold Jewellery,kalyan-gold-jewellery,OFF,2,2,PAYTM UPI,,Offline,Multiple Gift Vouchers CAN be used in one bill. Gift Vouchers CAN be clubbed with on-going promotion
Kalyan Diamond Jewellery,kalyan-diamond-jewellery,OFF,3,3,PAYTM UPI,,Offline,Multiple Gift Vouchers CAN be used in one bill. Gift Vouchers CAN be clubbed with on-going promotion
PC Jeweller Gold,pc-jeweller-gold,OFF,0,0,,1000 / 2000 / 5000 / 100-10000 (custom),Offline,Gift voucher can be used at listed PC Jeweller outlets. Multiple Gift voucher can be used in one bil
PC Jeweller Diamond,pc-jeweller-diamond,OFF,0,0,,500 / 2000 / 100-10000 (custom),Offline,Gift voucher can be used at listed PC Jeweller outlets. Multiple Gift voucher can be used in one bil
Kama Ayurveda,kama-ayurveda,B,0,0,,100-10000 (custom),Both,GV/GC added to Epay Wallet cannot be used on the online website You can use multiple GV/GC in one bi
BIBA,biba,ON,8,8,PAYTM UPI,250 / 500 / 1000 / 2000 / 5000 / 100-10000 (custom),Online,Gift Vouchers CAN Only be used online at http://bit.ly/2V6cESH Gift Vouchers CAN be clubbed with any
PVR,pvr,ON,18,18,PAYTM UPI,500 / 750 / 1000 / 2000 / 2500 / 5000,Online,Gift Vouchers CAN be used ONLINE at www.pvrcinemas.com & PVR Cinemas Mobile App Gift Vouchers CAN be
GyFTR PAY,gyftr-pay,ON,0,0,,250 / 500 / 1000 / 2000 / 5000 / 10000 / 100-10000 (custom),Online,
OLA CABS,ola-cabs,ON,0,0,,50 / 100 / 150 / 500,Online,Gift voucher CAN only be used online on OLA APP. This is a One-time use GV / GC. The GV/GC cannot be
Beer Cafe,beer-cafe,OFF,5,5,PAYTM UPI,100 / 250 / 500 / 1000 / 2000 / 100-20000 (custom) / 100-10000 (custom),Offline,Gift Vouchers CANNOT be used Online. Multiple Gift Vouchers CAN be used in one bill. Gift Vouchers C
Puma,puma,OFF,10,10,PAYTM UPI,500 / 1000 / 1500 / 2000 / 5000 / 10000,Offline,Gift Vouchers CAN Only be used at listed Puma outlets Gift Vouchers CAN be clubbed with on-going pro
Points for Good,points-for-good,ON,0,0,,100 / 250 / 500 / 100-10000 (custom),Online,Donation voucher CAN only be used at www.pointsforgood.org Only&nbsp;ONE&nbsp;Donation Voucher can b
Apollo Pharmacy,apollo-pharmacy,B,8,8,PAYTM UPI,500 / 1000 / 2000 / 2500 / 5000,Both,The GV/GC is redeemable on the mobile app as well as at Apollo Pharmacy offline stores. The GV/GC ca
Luxe Gift Card,luxe-gift-card,OFF,10,10,Credit Card,1000 / 2000 / 2500 / 5000 / 10000,Offline,Multiple Gift Vouchers CAN be used in one bill. This Luxe Gift Card is redeemable at more than 30 pa
The Body Shop,the-body-shop,B,3,3,PAYTM UPI,100-10000 (custom),Both,Multiple Gift Vouchers CAN be used in one bill. Gift Vouchers are at The Body Shop Outlets and their
BigBasket,bigbasket,ON,3,3,PAYTM UPI,250 / 500 / 1000 / 2000,Online,GV/GC CAN be used on the Bigbasket App. Multiple Gift Vouchers CAN be used in one bill. Gift Voucher
UBER,uber,ON,3,3,PAYTM UPI,100 / 250 / 500 / 1000,Online,Gift voucher CAN be used on both Uber APP & Website. Multiple Gift voucher CAN be used in one transa
Jockey,jockey,ON,13,13,PAYTM UPI,250 / 500 / 1000 / 2000 / 5000 / 100-10000 (custom),Online,Jockey GV/e-Pay can only be redeemed online at www.jockey.in . Multiple GVs can be combined in one b
Ketan Diamonds Gold Jewellery,ketan-diamonds-gold-jewellery,ON,8,8,PAYTM UPI,100-10000 (custom),Online,Multiple Gift Vouchers CAN be used in one transaction. Gift Vouchers are only ACCEPTED online at&nbs
Ketan Diamonds Gold Coin,ketan-diamonds-gold-coin,ON,3,3,PAYTM UPI,100-10000 (custom),Online,Multiple Gift Vouchers CAN be used in one transaction. Gift Vouchers are only ACCEPTED online at&nbs
Armani Exchange-Luxe Gift Card,luxe-gift-card-armani-exchange,B,0,0,,1000 / 2000 / 5000,Both,Multiple Gift Vouchers CAN be used in one bill. This Luxe Gift Card is redeemable at more than 30 pa
Diesel- Luxe Gift Card,luxe-gift-card-diesel,B,10,10,Credit Card,1000 / 2000 / 5000,Both,Multiple Gift Vouchers CAN be used in one bill. This Luxe Gift Card is redeemable at more than 30 pa
Coach-Luxe Gift Card,luxe-gift-card-coach,OFF,0,0,,1000 / 2000 / 5000,Offline,Multiple Gift Vouchers CAN be used in one bill. This Luxe Gift Card is redeemable at more than 30 pa
GAS-Luxe Gift Card,luxe-gift-card-gas,B,0,0,,1000 / 2000 / 5000 / 10000,Both,Multiple Gift Vouchers CAN be used in one bill. This Luxe Gift Card is redeemable at more than 30 pa
Hamleys-Luxe Gift Card,luxe-gift-card-hamleys,B,10,10,Credit Card,1000 / 2000 / 5000 / 10000,Both,Multiple Gift Vouchers CAN be used in one bill. This Luxe Gift Card is redeemable at more than 30 pa
Hugo Boss-Luxe Gift Card,luxe-gift-card-hugo-boss,OFF,0,0,,1000 / 2000 / 5000,Offline,Multiple Gift Vouchers CAN be used in one bill. This Luxe Gift Card is redeemable at more than 30 pa
Michael Kors-Luxe Gift Card,luxe-gift-card-michael-kors,OFF,0,0,,1000 / 2000 / 2500 / 5000 / 10000,Offline,Multiple Gift Vouchers CAN be used in one bill. This Luxe Gift Card is redeemable at more than 45+ p
Satya Paul- Luxe Gift Card,luxe-gift-card-satya-paul,B,0,0,,1000 / 2000 / 5000,Both,Multiple Gift Vouchers CAN be used in one bill. This Luxe Gift Card is redeemable at more than 45+ p
Mothercare-Luxe Gift Card,luxe-gift-card-mothercare,B,0,0,,1000 / 2000 / 5000 / 10000,Both,Multiple Gift Vouchers CAN be used in one bill. This Luxe Gift Card is redeemable at more than 30 pa
Superdry-Luxe Gift Card,luxe-gift-card-superdry,B,13,13,PAYTM UPI,1000 / 2000 / 5000 / 10000,Both,Multiple Gift Vouchers CAN be used in one bill. This Luxe Gift Card is redeemable at more than 30 pa
Steve Madden-Luxe Gift Card,luxe-gift-card-steve-madden,B,0,0,,1000 / 2000 / 5000 / 10000,Both,Multiple Gift Vouchers CAN be used in one bill. This Luxe Gift Card is redeemable at more than 30 pa
Zee5,zee5,ON,19,19,PAYTM UPI,799 / 1699,Online,Gift Vouchers CAN Only be used at https://www.zee5.com/ and the Zee5 application. Only 1 Gift Vouche
The Man Company,the-man-company,ON,16,16,PAYTM UPI,250 / 500 / 1000 / 2000,Online,The GV/GC CAN be used Online at www.themancompany.com Multiple Gift Vouchers CAN be combined & added
Candere Gold Coin,candere-gold-coin,ON,0,0,,500 / 100-10000 (custom),Online,Multiple Gift Vouchers CAN be used in one transaction. Gift Vouchers are only accepted online at&nbs
Candere Gold Jewellery,candere-gold-jewellery,ON,3,3,PAYTM UPI,500 / 1000 / 2000 / 2500 / 5000 / 100-10000 (custom),Online,Multiple Gift Vouchers CAN be used in one transaction. Gift Vouchers are only accepted online at&nbs
Candere Diamond Jewellery,candere-diamond-jewellery,ON,7,7,PAYTM UPI,500 / 1000 / 2000 / 2500 / 5000 / 100-10000 (custom),Online,Multiple Gift Vouchers CAN be used in one transaction. Gift Vouchers are only accepted online at&nbs
Skullcandy,skullcandy,ON,10,10,PAYTM UPI,1000 / 2000 / 3000 / 5000 / 100-10000 (custom),Online,This is a Skullcandy Insta Gift Voucher (GV) and would be accepted on https://shop.brandeyes.in Mult
Netmeds,netmeds,ON,10,10,Credit Card,250 / 500 / 1000 / 1500 / 2000 / 100-10000 (custom),Online,GV/GC will be accepted on Netmeds App and Website. GV/GC entitles customers to order medicines ONLY.
Elleven,elleven,OFF,0,0,,500 / 2000,Offline,Gift Vouchers CAN Only be used at listed outlets Gift Vouchers CAN be used to buy discounted product
Fastag Recharge,fastag-recharge,ON,0,0,,100 / 250 / 500 / 1000 / 2000 / 5000 / 7500 / 10000 / 100-10000 (custom),Online,The GV/e-Pay CAN be used Online at www.gyftr.com/loyaltylifecycle/bills-utilities/fastag-recharge GV
SonyLiv,sonyliv,ON,40,40,PAYTM UPI,299 / 399 / 699 / 999,Online,Gift Vouchers CAN Only be used at https://www.sonyliv.com/ and their app. Only 1 Gift Voucher can be
MAX,max,OFF,8,8,PAYTM UPI,500 / 1000 / 2000,Offline,Gift Vouchers CAN be used to buy discounted products. Multiple Gift Vouchers CAN be used in one bill
Seniority,seniority,ON,0,0,,,Online,Multiple GV cannot be used in one bill/transaction. This is a ONE time use GV with an expiration dat
Skechers,skechers,B,10,10,PAYTM UPI,500 / 1000 / 2000 / 5000 / 100-10000 (custom) / 100-20000 (custom),Both,GV/GC would be accepted online at https://www.skechers.in/ & listed outlets. Multiple GV can be used
Decathlon,decathlon,B,4,4,PAYTM UPI,500 / 1000 / 2000 / 5000,Both,"A Decathlon Omni Gift Card can be redeemed at listed outlets , online at www.decathlon.in & Decathlo"
TATA CLiQ,tata-cliq,ON,9,9,PAYTM UPI,500 / 1000 / 2000 / 5000 / 7500 / 10000,Online,The GV/GC can be accepted on&nbsp;their Website (&nbsp; www.tataCLiQ.com and&nbsp;&nbsp; luxury.tata
DocuBay,docubay,ON,0,0,,,Online,The GV/GC would be accepted on https://www.docubay.com/. Only one GV / GC can be used in one bill/tr
Malabar Gold Coin,malabar-gold-coin,B,2,3,UPI,2000 / 2500 / 3000 / 5000 / 7500 / 10000 / 100000,Both,Gift Vouchers are ACCEPTED at Listed Outlets. Gift Vouchers CAN be used on the official Malabar webs
Brooks Brothers -Luxe Gift Card,luxe-gift-card-brooks-brothers,B,0,0,,1000 / 2000 / 5000 / 10000,Both,Multiple Gift Vouchers CAN be used in one bill. This Luxe Gift Card is redeemable at more than 30 pa
Emporio Armani- Luxe Gift Card,luxe-gift-card-emporio-armani,OFF,0,0,,1000 / 2000 / 5000,Offline,Multiple Gift Vouchers CAN be used in one bill. This Luxe Gift Card is redeemable at more than 45+ p
Scotch & Soda -Luxe Gift Card,luxe-gift-card-scotch-soda,OFF,0,0,,1000 / 2000 / 5000 / 10000,Offline,Multiple Gift Vouchers CAN be used in one bill. This Luxe Gift Card is redeemable at more than 30 pa
 Paul Smith- Luxe Gift Card,luxe-gift-card---paul-smith,OFF,0,0,,1000 / 2000 / 5000,Offline,Multiple Gift Vouchers CAN be used in one bill. This Luxe Gift Card is redeemable at more than 45+ p
Dune-Luxe Gift Card,luxe-gift-card---dune,OFF,0,0,,1000 / 2000 / 5000 / 10000,Offline,Multiple Gift Vouchers CAN be used in one bill. This Luxe Gift Card is redeemable at more than 30 pa
Ketan Diamonds Diamond Only,ketan-diamonds-diamond-only,ON,13,13,Credit Card,1000 / 2000 / 100-10000 (custom),Online,
Euphoria Jewellery Gold Coin,euphoria-jewellery-gold-coin,ON,4,4,PAYTM UPI,250 / 500 / 2000 / 10000 / 100-10000 (custom),Online,Multiple Gift Vouchers can be used in 1 bill. Gift Vouchers can be clubbed with on-going promotions 
Lifestyle Online,lifestyle-online,ON,8,8,PAYTM UPI,1000 / 2000,Online,This is a 16-digit gift card which comes with a 4-digit pin E-Gift Cards are redeemable only through
Taneira,taneira,OFF,8,8,PAYTM UPI,500 / 1000 / 2000 / 5000,Offline,Taneira Gift Voucher would be accepted at listed Taneira Stores Multiple vouchers can be used agains
Swiggy Money Voucher,swiggy-gv,ON,0,0,,200,Online,GV/GC would be accepted only on the Swiggy App GV/GC can be used to buy discounted products In case 
Taj Experiences,taj-hotels,OFF,10,10,PAYTM UPI,1000 / 2000 / 2500 / 3000 / 5000 / 10000,Offline,"The cards can be redeemed at Taj, SeleQtions, Gateway, Vivanta hotels, and Ama Trails & Stays in Ind"
Vijay Sales,vijay-sales,OFF,2.5,2.5,PAYTM UPI,500 / 1000 / 2000 / 5000 / 100-10000 (custom),Offline,This is a Vijay Sales Insta Gift Voucher (GV) / Gift Card (GC) and would be accepted at the stores M
Healthians,healthians,ON,15,15,Credit Card,250 / 500 / 1000 / 100-10000 (custom),Online,Healthians Insta Gift Voucher would be accepted on the website at www.Healthians.com Multiple vouche
Mia,mia,OFF,0,0,,5000 / 10000,Offline,This is a one-time use GV/GC. The GV/GC can be clubbed with ongoing offers. Multiple GV/GCs can be u
Skinn,skinn,OFF,0,0,,500 / 1000 / 2000,Offline,A maximum of 5 Gift Vouchers CAN be used in one bill. Not valid for in-store offers Gift Vouchers ar
Titan Minimals,titan-minimals,OFF,7,7,PAYTM UPI,500 / 1000 / 2000,Offline,A Maximum of 5 Gift vouchers can be clubbed for a single purchase Not valid for in-store offers Gift
Fastrack Bags,fastrack-bags,OFF,0,0,,500 / 1000 / 2000,Offline,A maximum of 5 Gift Vouchers CAN be used in one bill. Not valid for in-store offers Gift Vouchers ar
Chumbak,chumbak,OFF,13,13,PAYTM UPI,250 / 500 / 1000 / 2000 / 100-10000 (custom),Offline,Gift Vouchers are ACCEPTED at all Listed Outlets. Multiple vouchers can be used against one bill. Fo
Hoichoi,hoichoi,ON,0,0,,999,Online,Gift Vouchers CAN Only be used at https://www.hoichoi.tv/redeem Only 1 Gift Voucher can be used in o
GIVA,giva,B,13,13,PAYTM UPI,500 / 1000 / 1500 / 2500,Both,This is a GIVA Insta Gift Voucher (GV) / Gift Card (GC) and would be accepted on the listed outlets 
Reliance My Jio Store,reliance-my-jio-store,OFF,0,0,,250 / 500 / 1000 / 2000 / 5000,Offline,Gift Vouchers CAN be used to buy discounted products This is a one-time use GV/GC. Multiple Gift Vou
Reliance Digital,reliance-digital,OFF,0,0,,500 / 1000 / 1500 / 2000 / 2500 / 3000 / 5000 / 7500 / 9999,Offline,Gift Vouchers CAN be used to buy discounted products This is a one-time use GV/GC. Multiple Gift Vou
Reliance Trends Footwear,reliance-trends-footwear,OFF,6,6,PAYTM UPI,250 / 500 / 1000 / 1500 / 2000 / 2500 / 7500 / 9999,Offline,Gift Vouchers CAN be used to buy discounted products This is a one-time use GV/GC. Multiple Gift Vou
Reliance Trends,reliance-trends,OFF,5,5,PAYTM UPI,1000 / 1500 / 2000 / 2500 / 3000 / 5000 / 9999,Offline,Gift Vouchers CAN be used to buy discounted products This is a one-time use GV/GC. Multiple Gift Vou
Reliance Smart Point,reliance-smart-point,OFF,0,0,,500 / 1000 / 2000,Offline,Gift Vouchers CAN be used to buy discounted products This is a one-time use GV/GC. Multiple Gift Vou
Reliance Smart,reliance-smart,OFF,0,0,,250 / 500 / 1000 / 1500 / 2000 / 2500 / 3000 / 5000 / 7500 / 9999,Offline,Gift Vouchers CAN be used to buy discounted products. This is a one-time use GV/GC. Multiple Gift Vo
Barbeque Nation,barbeque-nation,OFF,5,5,PAYTM UPI,250 / 500 / 1000 / 1500 / 100-10000 (custom),Offline,Gift Vouchers CANNOT be used Online. Multiple Gift Vouchers CAN be used in one bill. Gift Vouchers a
ORGANIC INDIA,organic-india,OFF,10,10,PAYTM UPI,250 / 500 / 1000 / 1500 / 100-10000 (custom),Offline,Gift Vouchers are ACCEPTED at all Listed Outlets. Gift vouchers once expired cannot be revalidated. 
Reliance Jewels,reliance-jewels,OFF,0,0,,500 / 1000 / 1500 / 2000 / 2500 / 3000 / 5000 / 7500 / 9999,Offline,Gift Vouchers CAN be used to buy discounted products. This is a one-time use GV/GC. Multiple Gift Vo
Euphoria Jewellery Silver Coin,euphoria-jewellery-silver-coin,ON,0,0,,1000 / 10000 / 100-10000 (custom),Online,Multiple Gift Vouchers can be used in 1 bill. Gift Vouchers can be clubbed with on-going promotions.
Wildcraft,wildcraft,OFF,7,7,PAYTM UPI,500 / 1000 / 2000 / 2500 / 100-10000 (custom),Offline,Gift Vouchers are ACCEPTED at WILDCRAFT (company owned) stores only. Gift Vouchers CAN be used durin
Cafe Delhi Heights,cafe-delhi-heights,OFF,8,8,PAYTM UPI,250 / 500 / 1000 / 1500 / 100-10000 (custom),Offline,Gift Vouchers are ACCEPTED at all Listed Outlets. Gift Voucher once expired cannot be revalidated. M
Wow!Momo,wow-momo,OFF,9,9,PAYTM UPI,100 / 250 / 500 / 1000 / 2000 / 100-10000 (custom),Offline,Gift Voucher/ e-Pay is ACCEPTED at all Listed Outlets. Multiple GVs can be combined and added to the
Wow!China,wow-china,OFF,9,9,PAYTM UPI,100 / 250 / 500 / 100-10000 (custom),Offline,Gift Voucher/ e-Pay is ACCEPTED at all Listed Outlets. Multiple GVs can be combined and added to the
TRUEFITT & HILL,truefitt-&-hill,OFF,20,20,Credit Card,500 / 1000 / 1500 / 2000 / 2500 / 100-10000 (custom),Offline,The GV/GC will be ACCEPTED at selected Truefitt & Hill stores (refer to the store locator to know mo
BrainGymJr,braingymjr,ON,0,0,,199 / 499 / 799 / 1499,Online,This is a single use voucher against the given BrainGymJr subscription E-Gift voucher is redeemable 
Estele,estele,ON,0,0,,250 / 500 / 2000 / 5000,Online,Gift Vouchers are ACCEPTED only at Estele E-Commerce Portal www.estele.co Gift Vouchers CAN be used 
Timezone,timezone,OFF,0,0,,500 / 800 / 1250 / 2000 / 3000,Offline,Pay Rs. 800 & get 950 balance and Pay Rs 1250 & get 1500 balance in your Timezone card Gift Voucher 
Gaana,gaanaplus,ON,16,16,PAYTM UPI,99 / 599,Online,"Subscription once activated cannot be cancelled or refunded. To view your Gaana Plus Subscription, p"
JioSaavn,jiosaavn,ON,0,0,,,Online,"Subscription once activated cannot be cancelled or refunded. To view your Pro Subscription, please g"
Wonderchef,wonderchef,OFF,12,12,PAYTM UPI,500 / 1000 / 2000 / 3000 / 5000 / 100-10000 (custom),Offline,"Gift Vouchers are ACCEPTED at all Listed Outlets. For using multiple vouchers, customer will need to"
ITC Hotels,itc-hotels,OFF,9,9,PAYTM UPI,1000 / 2000 / 5000 / 7500 / 10000,Offline,GV/GC would only be accepted at listed ITC Hotels. The GV/GC cannot be clubbed with ongoing promotio
Beyoung,beyoung,ON,23,23,PAYTM UPI,500 / 1000 / 1500 / 2000 / 100-10000 (custom),Online,Cash on delivery cannot be clubbed with GV Multiple vouchers can be used in one bill. GV / GC CAN NO
Hammer,hammer,ON,25,25,PAYTM UPI,250 / 500 / 1000 / 2000,Online,This is a Hammer Gift Voucher (GV) and would be accepted only on hammeronline.in Only 1 Gift Voucher
Veridicus,veridicus,ON,0,0,,,Online,This is a Veridicus Insta Gift Voucher (GV) / Gift Card (GC) is valid only for buying Veridicus heal
Swiggy Instamart,swiggy-instamart,ON,0,0,,,Online,GV/GC would be accepted only on the Swiggy App GV/GC can be used to buy discounted products In case 
Behrouz Biryani,behrouz-biryani,ON,12,12,PAYTM UPI,250 / 500 / 1000 / 1500 / 2000 / 100-10000 (custom),Online,EatSure Gift Voucher (GV) issued by their banking partner would be accepted only on the EatSure App/
Ovenstory Pizza,ovenstory-pizza,OFF,0,0,,,Offline,
EatSure,eatsure,ON,12,12,PAYTM UPI,250 / 500 / 1000 / 1500 / 2000 / 100-20000 (custom) / 100-10000 (custom),Online,EatSure Gift Voucher (GV) issued by their banking partner would be accepted only on the EatSure App/
Sweet Truth,sweet-truth,ON,12,12,PAYTM UPI,500 / 1000 / 1500 / 2000 / 100-10000 (custom),Online,EatSure Gift Voucher (GV) issued by their banking partner would be accepted only on the EatSure App/
Daily Objects,daily-objects,ON,12,12,PAYTM UPI,250 / 500 / 1000 / 2000,Online,Gift Vouchers CAN be used Online at www.dailyobjects.com & DailyObjects App. Gift Vouchers CAN be cl
Auric,auric,ON,0,0,,250 / 500,Online,This is a AURIC Gift Voucher (GV) and would be accepted only on the website. Only 1 Gift Voucher can
Hyperice,hyperice,ON,0,0,,,Online,Offer is valid on all products. This is a one-time use GV / GC. Voucher can not be clubbed. Voucher 
Amazon Shopping Voucher,amazon-shopping-voucher,ON,0,0,,100 / 250 / 500 / 1000 / 2000 / 5000 / 10000,Online,Amazon Shopping Voucher can be redeemed online at www.amazon.in/vouchers Amazon Shopping Voucher can
Freecultr,freecultr,ON,20,20,PAYTM UPI,500 / 1000,Online,Gift vouchers CAN be used online at Freecultr Website Gift Vouchers CANNOT be clubbed with ongoing p
Troll Beads,troll-beads,ON,0,0,,,Online,Trollbeads vouchers shall be redeemable on the website. This is a one-time usage voucher. Only One v
V Mart,v-mart,OFF,0,0,,5000,Offline,Gift Vouchers are accepted at all Listed Outlets. Multiple Gift Vouchers CAN be used in one bill at 
Airtel Xstream,airtel-xstream,ON,0,0,,,Online,The GV/GC will be accepted on the official mobile application/website at airtelxstream.in. The GV/GC
Wynk Music,wynk-music,ON,0,0,,,Online,This offer is not transferable and cannot be clubbed with any other offer. Offer is available on mon
Nykaa,nykaa,B,5,5,PAYTM UPI,500 / 1000 / 1500 / 2000 / 5000 / 10000,Both,You can redeem only 1 Gift Card per order. Gift Vouchers CAN be used during Sale. Gift Vouchers ACCE
FITPASS,fitpass,ON,22,22,PAYTM UPI,500 / 1000 / 2000 / 100-10000 (custom),Online,This is a FITPASS Gift Voucher (GV) and would be accepted only on FITPASS app. Standard FITPASS term
Zomato Gift Card,zomato-gift-card,ON,0,0,,,Online,The GV/GC can be accepted only on the Zomato App. The GV/GC can be used for Multiple Transactions. T
SWISS BEAUTY,swiss-beauty,ON,15,15,Credit Card,,Online,SWISS BEAUTY Gift Vouchers are valid only at website. Multiple GV’s cannot be clubbed in one bill/tr
HealthifyMe Smart Plan,healthifyme-smart-plan-3-months,ON,0,0,,,Online,You can redeem only 1 Gift Card per order. Gift Vouchers CAN be used during Sale. HeathifyMe Gift Vo
American Tourister,american-tourister,OFF,5.5,5.5,PAYTM UPI,1000 / 2000 / 5000 / 7500 / 10000 / 1000-10000 (custom),Offline,Multiple Gift Vouchers CAN be used in one bill. Gift Vouchers CAN be used during Sale. Gift Vouchers
Samsonite,samsonite,OFF,5.5,5.5,PAYTM UPI,1000 / 2000 / 5000 / 7500 / 10000 / 1000-10000 (custom),Offline,Multiple Gift Vouchers CAN be used in one bill. Gift Vouchers CAN be used during Sale. Gift Vouchers
Tanishq Gold Jewellery,tanishq-gold-jewellery,OFF,1,1,PAYTM UPI,1000 / 2000 / 5000,Offline,Multiple Gift Vouchers CAN be used in one bill. Gift Vouchers CAN be clubbed with on-going promotion
Renee Cosmetics,renee-cosmetics,ON,15,15,PAYTM UPI,,Online,This is a Renee Cosmetics Insta Gift Voucher (GV) / Gift Card (GC) and would be accepted on the webs
Discovery Plus,discovery-plus,ON,0,0,,499,Online,You CANNOT activate the Gift Voucher on iOS App. Gift Voucher can be activated on Android app and th
Superbottoms,superbottoms,ON,15,15,PAYTM UPI,1000 / 2000,Online,You can redeem only 1 Gift Card per order. Gift Vouchers CAN be used during Sale. SuperBottoms Gift 
Smile Foundation,smile-foundation,ON,0,0,,500 / 1000 / 2000 / 5000 / 100-10000 (custom),Online,This is a ‘Smile Foundation’ Donation Voucher (DV) and CAN only be used at the website. The donation
Max Fashion Online,max-fashion-online,ON,9,9,PAYTM UPI,500,Online,This is a 16-digit gift card which comes with a 4-digit pin Max Online E-Gift Cards are redeemable t
Cleartrip Hotel,cleartrip-hotel,ON,17,17,PAYTM UPI,1000 / 2000 / 10000,Online,Maximum of 15 Gift Cards in a single booking for Hotels booking. GV/GC can be redeemed online on www
Cleartrip,cleartrip-generic,ON,6.5,6.5,PAYTM UPI,1000 / 7500,Online,Maximum of 15 Gift Cards in a single booking for Hotels / Flights booking. GV/GC can be redeemed onl
HealthKart,healthkart,B,12,12,PAYTM UPI,1000 / 2000,Both,"HealthKart Insta Gift Voucher and would be accepted only at HealthKart.com, app & listed stores. Mul"
The Skin Story,the-skin-story,ON,0,0,,,Online,Gift Vouchers can only be used at the skin story.in Gift Vouchers cannot be revalidated One Gift vou
Shiv Naresh,shiv-naresh,ON,0,0,,,Online,Gift Vouchers can be used Online. Only One Gift Voucher can be used in one bill. Gift Vouchers can b
Assembly,assembly,ON,14,14,PAYTM UPI,100 / 500 / 1000 / 2000 / 2500 / 5000,Online,Gift voucher would be accepted on assemblytravel.com The Gift voucher can only be availed only once 
TEGO,tego,ON,0,0,,1000 / 2000,Online,Gift voucher would be accepted on www.tego.fit Multiple GV/GC can be availed during one transaction 
Nykaa Man,nykaa-man,B,4,4,PAYTM UPI,1000 / 2000 / 5000 / 10000,Both,"You can redeem only 1 Gift Card per order. To redeem Multiple gift cards, please add the gift cards "
Nykaa Fashion,nykaa-fashion,B,4,4,PAYTM UPI,1000 / 2000 / 5000 / 10000,Both,"You can redeem only 1 Gift Card per order. To redeem Multiple gift cards, please add the gift cards "
Chicago Pizza,chicago-pizza,OFF,0,0,,,Offline,This is a Chicago Pizza Gift Voucher (GV) / Gift Card (GC) and is accepted at listed Chicago Pizza o
GIVA Gold Jewellery,giva-gold-jewellery,B,4.5,4.5,PAYTM UPI,500 / 2000 / 2500 / 5000 / 10000,Both,This is a GIVA Insta Gift Voucher (GV) / Gift Card (GC) and would be accepted on the listed outlets 
IRCTC,gv-irctc,ON,0,0,,250 / 500 / 1000 / 100-10000 (custom),Online,Gift Vouchers can be used on the IRCTC website. Multiple Gift Vouchers can be used in one bill. One 
Swiggy One Lite Membership,swiggy-one-lite-membership,ON,0,0,,,Online,"Once the membership is activated, it cannot be cancelled or any refund will not be issued. Swiggy On"
Swiggy Food Discount Voucher,swiggy-food-discount-voucher,ON,12,12,PAYTM UPI,,Online,Offer valid once per user per transaction. Offer valid on all prepaid payment modes. Offer valid for
Wendy's,wendy's,ON,12,12,PAYTM UPI,500 / 1000 / 1500 / 2000 / 100-10000 (custom),Online,EatSure Gift Voucher (GV) issued by their banking partner would be accepted only on the EatSure App/
The Good Bowl,the-good-bowl,ON,12,12,PAYTM UPI,500 / 1000 / 1500 / 2000 / 100-10000 (custom),Online,EatSure Gift Voucher (GV) issued by their banking partner would be accepted only on the EatSure App/
HP Pay,hppay,OFF,0,0,,500 / 1000 / 1500 / 2000,Offline,Multiple vouchers can be used in one transaction HP Pay Insta Gift Voucher (GV) / Gift Card (GC) and
Tata CliQ Luxury,tata-cliq-luxury,ON,9.5,9.5,PAYTM UPI,500 / 1000 / 2000 / 5000 / 7500 / 10000,Online,The GV/GC can be accepted on&nbsp;their Website (&nbsp; www.tataCLiQ.com and&nbsp;&nbsp; luxury.tata
IGP,igp,ON,18,18,PAYTM UPI,500 / 1000 / 2000,Online,IGP GV/GC would be acceptable on the website at igp.com & App. Multiple Vouchers can be used against
MakeMyTrip e-Pay,makemytrip-e-pay,ON,7.5,7.5,PAYTM UPI,500 / 1000 / 2000 / 5000 / 10000,Online,Gift Vouchers/e-Pay CAN be used on the MakeMyTrip website and app. Gift Vouchers/e-Pay CAN be used t
MakeMyTrip Holiday e-Pay,makemytrip-holiday-e-pay,ON,13.5,13.5,PAYTM UPI,1000 / 5000 / 10000,Online,Gift Vouchers/e-Pay CAN be used on the MakeMyTrip website and app. Gift Vouchers/e-Pay CAN be used t
MakeMyTrip Hotel e-Pay,makemytrip-hotel-e-pay,ON,14.5,14.5,PAYTM UPI,1000 / 2000 / 5000 / 10000,Online,Gift Vouchers/e-Pay CAN be used on the MakeMyTrip website and app. Gift Vouchers/e-Pay CAN be used t
Reliance Jio Mart,reliance-jio-mart,ON,0,0,,250 / 750 / 1000 / 1500,Online,Multiple vouchers CANNOT be used in one transaction The GV/GC can be redeemed only once. Any unused 
Cult Gift Card,cult-gift-card,ON,2,2,Credit Card,250 / 1000 / 1500 / 2000 / 2500,Online,The GV/GC can be redeemed only on the Cult App and not on the Cult store or Cult website. GV/GC can 
Mamaearth,mamaearth,ON,15,15,PAYTM UPI,,Online,This E-Gift Cards are valid only at mamaearth.in (website). E-Gift Card cannot be exchanged for Cash
Marks & Spencer,marks-&-spencer,B,10,10,PAYTM UPI,1000 / 2000 / 5000 / 7500 / 10000 / 100-10000 (custom),Both,"Gift Vouchers are ACCEPTED on the website, app, and all listed outlets. Gift Vouchers CAN be used du"
Fashion Factory,fashion-factory,OFF,5,5,PAYTM UPI,500 / 1000 / 2000 / 3000 / 5000,Offline,Gift Vouchers CAN be used to buy discounted products Multiple Gift Vouchers CAN be used in one bill 
Muthoot Gold Voucher,muthoot-gold-voucher,ON,2,2,PAYTM UPI,2000 / 5000,Online,This is a Muthoot Exim GV/GC (Gift Voucher/Gift Card) that will be accepted only on the website. GV/
Woggles,woggles,ON,20,20,PAYTM UPI,100-10000 (custom),Online,This is a Woggles e-Pay Gift Voucher (GV) / Gift Card (GC) and would be accepted on the website at w
INTERMILES,intermiles,ON,0,0,,,Online,Gift Vouchers CAN be used at website & on app. Users can redeem upto 50% of their Miles per transact
Shopy Vision,shopy-vision,ON,0,0,,500 / 1000 / 5000,Online,This is a Shopy Vision Gift Voucher (GV) and would be accepted on their website. Only 1 GV can be us
GRT Jewellers,grt-jewellers,OFF,0,0,,1000 / 2500 / 5000 / 10000 / 100-10000 (custom),Offline,This is a GRT Gift Voucher (GV) and would be accepted on all the outlets listed at grtjewels.com/sto
Bakingo,bakingo,ON,20,20,PAYTM UPI,250 / 500 / 1000,Online,Only one Gift Voucher CAN be used against one bill. Gift Vouchers CANNOT be used multiple times. Gif
Flower Aura,flower-aura,ON,20,20,PAYTM UPI,500 / 1000 / 2000,Online,Only one GV/GC CAN be used against one bill. This is a one-time use GV/GC. Gift Vouchers CANNOT be u
Quick Heal,quick-heal,ON,25,25,Credit Card,,Online,The Gift Voucher/Gift Card (GV/GC) would only be accepted on the official website. Only One GV/GC ca
Ixigo,ixigo,ON,8.5,8.5,PAYTM UPI,500 / 1000 / 2000,Online,Gift Vouchers CAN be used at ixigo website & on app. GV/GC cannot be clubbed with existing offers. T
VROTT,vrott,ON,42,42,Credit Card,599,Online,Gift Vouchers CAN Only be used at https://vrott.tv/ and their app. Only 1 Gift Voucher can be used i
DPauls Travel & Tours,dpauls-travel-&-tours,ON,0,0,,2000 / 5000 / 10000,Online,You can redeem only 1 Gift Card for Flight Booking. You can redeem only 3 Gift Cards for Package/ Ho
Amazon Fresh,amazon-fresh,ON,1.5,1.5,PAYTM UPI,500 / 1000 / 2000,Online,Gift Vouchers CAN only be used Online at www.amazon.in/fresh. Gift Vouchers CANNOT be transferred fo
Campus,campus,B,10,10,PAYTM UPI,500 / 1000 / 2000 / 100-10000 (custom),Both,This is a Campus Gift Voucher (GV)/e-Pay can be accepted Online & at listed stores. Multiple GV/GCs 
BPCL SmartDrive Fuel e-voucher,-bpcl-,OFF,0,0,,250 / 500 / 1000 / 2000,Offline,This BPCL Fuel Voucher can only be redeemed by adding it to SmartDrive in the “HelloBPCL” mobile app
Amazon Prime Membership,amazon-prime-membership,ON,10,10,Credit Card,399 / 799,Online,Amazon Prime Vouchers cannot be claimed on Amazon Business accounts. Amazon Prime Voucher cannot be 
Aliste,aliste,ON,0,0,,500 / 1000 / 1500 / 2000 / 3000 / 5000 / 100-10000 (custom),Online,The Gift Voucher/Gift Card (GV/GC) would only be accepted on the official website/app. Only One GV/G
Cleartax,cleartax,ON,72,72,PAYTM UPI,6123 / 9998 / 15498,Online,ClearTax Gift Vouchers/Gift Cards (GV/GC) CAN Only be used at https://cleartax.in/ Only 1 GV/GC can 
Spotify,spotify,ON,3,3,PAYTM UPI,,Online,The GV/GC would be accepted on www.spotify.com/redeem only. Only One GV/GC can be used for one subsc
JioHotstar,jio-hotstar,ON,7,7,PAYTM UPI,499 / 1099 / 2199,Online,Gift Vouchers can only be used at https://www.jiohotstar.com/in/redeem Only 1 Gift Voucher can be us
Planet Fashion Gift Voucher,planet-fashion-gift-voucher,OFF,0,0,,,Offline,This is an Aditya Birla Fashion Retail Limited Planet Fashion Gift Voucher (GV) / Gift Card (GC) and
Domino's Pizza,domino's-pizza,ON,16,16,PAYTM UPI,500 / 750,Online,"Gift Vouchers CAN be used for DELIVERY, DINE-IN, TAKEAWAY AND DRIVE N PICK via the Domino’s Mobile A"
Oven Story,oven-story,ON,12,12,PAYTM UPI,250 / 500 / 1000 / 1500 / 2000 / 100-10000 (custom),Online,EatSure Gift Voucher (GV) issued by their banking partner would be accepted only on the EatSure App/
Faasos,faasos,ON,12,12,PAYTM UPI,500 / 1000 / 1500 / 2000 / 100-10000 (custom),Online,EatSure Gift Voucher (GV) issued by their banking partner would be accepted only on the EatSure App/
Lunch Box,lunch-box,ON,10,12,UPI,250 / 500 / 1000 / 1500 / 2000 / 100-10000 (custom),Online,EatSure Gift Voucher (GV) issued by their banking partner would be accepted only on the EatSure App/
VICTORIA'S SECRET BEAUTY,victoria's-secret-beauty,OFF,10,10,Credit Card,500 / 1000 / 1500 / 2000 / 2500 / 3000 / 5000 / 7500 / 10000 / 100-15000 (custom),Offline,Gift Voucher/ e-Pay is ACCEPTED at all Listed Outlets. Gift Voucher/ e-Pay CANNOT be used Online. Gi
VICTORIA'S SECRET,victoria's-secret,OFF,10,10,Credit Card,500 / 1000 / 1500 / 2000 / 2500 / 3000 / 5000 / 7500 / 10000 / 100-10000 (custom) / 100-15000 (custom),Offline,Gift Voucher/ e-Pay is ACCEPTED at all Listed Outlets. Gift Voucher/ e-Pay CANNOT be used Online. Gi
R&B,r&b,OFF,10,10,Credit Card,500 / 1000 / 1500 / 2000 / 2500 / 3000 / 5000 / 7500 / 10000 / 100-10000 (custom) / 100-15000 (custom),Offline,Gift Voucher/ e-Pay is ACCEPTED at all Listed Outlets. Gift Voucher/ e-Pay CANNOT be used Online. Gi
Inglot,inglot,OFF,10,10,Credit Card,500 / 1000 / 1500 / 2000 / 2500 / 3000 / 5000 / 7500 / 10000 / 100-10000 (custom) / 100-15000 (custom),Offline,Gift Voucher/ e-Pay is ACCEPTED at all Listed Outlets. Gift Voucher/ e-Pay CANNOT be used Online. Gi
ALDO,aldo,OFF,10,10,Credit Card,500 / 1000 / 1500 / 2000 / 2500 / 3000 / 5000 / 7500 / 10000 / 100-10000 (custom) / 100-15000 (custom),Offline,Gift Voucher/ e-Pay is ACCEPTED at all Listed Outlets. Gift Voucher/ e-Pay CANNOT be used Online. Gi
Bath & Body Works,bath-&-body-works,OFF,10,10,Credit Card,500 / 1000 / 1500 / 2000 / 2500 / 3000 / 5000 / 7500 / 10000 / 100-15000 (custom) / 100-10000 (custom),Offline,Gift Voucher/ e-Pay is ACCEPTED at all Listed Outlets. Gift Voucher/ e-Pay CANNOT be used Online. Gi
Call it Spring,call-it-spring,OFF,10,10,Credit Card,500 / 1000 / 1500 / 2000 / 2500 / 3000 / 5000 / 7500 / 10000 / 100-10000 (custom) / 100-15000 (custom),Offline,Gift Voucher/ e-Pay is ACCEPTED at all Listed Outlets. Gift Voucher/ e-Pay CANNOT be used Online. Gi
Beverly Hills Polo Club,beverly-hills-polo-club,OFF,10,10,Credit Card,500 / 1000 / 1500 / 2000 / 2500 / 3000 / 5000 / 7500 / 10000 / 100-10000 (custom) / 100-15000 (custom),Offline,Gift Voucher/ e-Pay is ACCEPTED at all Listed Outlets. Gift Voucher/ e-Pay CANNOT be used Online. Gi
CHARLES & KEITH,charles-&-keith,OFF,10,10,Credit Card,500 / 1000 / 1500 / 2000 / 2500 / 3000 / 5000 / 7500 / 10000 / 100-10000 (custom) / 100-15000 (custom),Offline,Gift Voucher/ e-Pay is ACCEPTED at all Listed Outlets. Gift Voucher/ e-Pay CANNOT be used Online. Gi
Pret A Manger-Luxe Gift Card,pret-a-manger-luxe-gift-card,OFF,0,0,,1000 / 2000 / 5000,Offline,Multiple Gift Vouchers CAN be used in one bill. This Luxe Gift Card is redeemable at more than 45+ p
Adidas Kids-Luxe Gift Card,adidas-kids-luxe-gift-card,OFF,0,0,,1000 / 2000 / 5000,Offline,Gift Vouchers are ACCEPTED at Listed Adidas Kids Outlets. Gift Vouchers CANNOT be used on the offici
Bally-Luxe Gift Card,bally-luxe-gift-card,OFF,0,0,,1000 / 2000 / 5000,Offline,Multiple Gift Vouchers CAN be used in one bill. This Luxe Gift Card is redeemable at more than 45+ p
Canali- Luxe Gift Card,canali--luxe-gift-card,OFF,0,0,,1000 / 2000 / 5000,Offline,Multiple Gift Vouchers CAN be used in one bill. This Luxe Gift Card is redeemable at more than 45+ p
EA-7- Luxe Gift Card,ea-7--luxe-gift-card,OFF,0,0,,1000 / 2000 / 5000,Offline,Multiple Gift Vouchers CAN be used in one bill. This Luxe Gift Card is redeemable at more than 45+ p
Giorgio Armani- Luxe Gift Card,giorgio-armani--luxe-gift-card,OFF,0,0,,1000 / 2000 / 5000,Offline,Multiple Gift Vouchers CAN be used in one bill. This Luxe Gift Card is redeemable at more than 45+ p
Hunkemoller- Luxe Gift Card,hunkemoller--luxe-gift-card,B,0,0,,1000 / 2000 / 5000,Both,Multiple Gift Vouchers CAN be used in one bill. This Luxe Gift Card is redeemable at more than 45+ p
Kate Spade- Luxe Gift Card,kate-spade--luxe-gift-card,OFF,0,0,,1000 / 2000 / 5000,Offline,Multiple Gift Vouchers CAN be used in one bill. This Luxe Gift Card is redeemable at more than 30 pa
La Martina- Luxe Gift Card,la-martina--luxe-gift-card,OFF,0,0,,1000 / 2000 / 5000,Offline,Multiple Gift Vouchers CAN be used in one bill. This Luxe Gift Card is redeemable at more than 45+ p
Pottery Barn- Luxe Gift Card,pottery-barn--luxe-gift-card,B,0,0,,1000 / 2000 / 5000,Both,Multiple Gift Vouchers CAN be used in one bill. This Luxe Gift Card is redeemable at more than 45+ p
Malabar Diamonds,malabar-diamonds,B,4,5.5,UPI,2000 / 3000 / 7500 / 10000 / 25000 / 50000,Both,Gift Vouchers are ACCEPTED at Listed Outlets. Gift Vouchers CAN be used on the official Malabar webs
Malabar Jewellery,malabar-jewellery,B,3,4,UPI,2000 / 5000 / 7500 / 10000 / 25000 / 50000,Both,Gift Vouchers are ACCEPTED at Listed Outlets. Gift Vouchers CAN be used on the official Malabar webs
EaseMyTrip Holiday,easemytrip-holiday,ON,0,0,,5000 / 10000,Online,Maximum 3 GV/GC can be used in a single transaction. GV/GC cannot be clubbed with any other ongoing 
Campus Sutra,campus-sutra,ON,12,12,Credit Card,500 / 1000 / 2000,Online,The GV/GC CAN be used Online at campussutra.com Multiple Gift Vouchers CAN be combined & added to th
Tanishq Diamond Jewellery,tanishq-diamond-jewellery,OFF,0,0,,2000,Offline,Multiple Gift Vouchers CAN be used in one bill. Gift Vouchers CAN be clubbed with on-going promotion
Surat Diamonds,surat-diamonds,ON,18,18,PAYTM UPI,100-10000 (custom),Online,The GV/GC would be accepted on www.suratdiamond.com The GV/GC cannot be clubbed with any other Vouch
EazyDiner,eazydiner,ON,19,19,PAYTM UPI,,Online,The GV/GC would be accepted on the Application/website at www.eazydiner.com This is a one-time-use G
Hindustan Times Premium,hindustan-times-premium,ON,40,40,Credit Card,1199,Online,The GV/GC would only be accepted on the official website/app hindustantimes.com Only One GV/GC can b
Live Hindustan,live-hindustan,ON,40,40,Credit Card,399,Online,The GV/GC would only be accepted on the official website/app hindustantimes.com Only One GV/GC can b
EasyBuy,easybuy,OFF,8,8,PAYTM UPI,500 / 1000 / 2000,Offline,GV/GC will be ACCEPTED at all stores of EasyBuy in India. This is a one-time use GV/GC. Multiple GV/
Clovia,clovia,ON,10,10,PAYTM UPI,,Online,Gift Vouchers CAN be used Online at clovia.com Gift Vouchers CAN be clubbed with ongoing offers. Onl
Wow!Chicken,wow-chicken,OFF,9,9,PAYTM UPI,100 / 250 / 500 / 1000 / 100-10000 (custom),Offline,Gift Voucher/ e-Pay is ACCEPTED at all Listed Outlets. Multiple GVs can be combined and added to the
Raymond - Ready to Wear,raymond---ready-to-wear,OFF,10,10,PAYTM UPI,500 / 1000 / 1500 / 2000 / 2500 / 3000 / 5000 / 7500 / 10000 / 100-20000 (custom),Offline,Gift Voucher/ e-Pay is ACCEPTED at all Listed Outlets. Gift Voucher/ e-Pay CANNOT be used Online. Gi
Park Avenue,park-avenue,OFF,10,10,PAYTM UPI,500 / 1000 / 1500 / 2000 / 2500 / 3000 / 5000 / 7500 / 10000 / 100-20000 (custom),Offline,Gift Voucher/ e-Pay is ACCEPTED at all Listed Outlets. Gift Voucher/ e-Pay CANNOT be used Online. Gi
Parx,parx,OFF,10,10,PAYTM UPI,500 / 1000 / 1500 / 2000 / 2500 / 3000 / 5000 / 7500 / 10000 / 100-20000 (custom),Offline,Gift Voucher/ e-Pay is ACCEPTED at all Listed Outlets. Gift Voucher/ e-Pay CANNOT be used Online. Gi
ColorPlus,colorplus,OFF,10,10,PAYTM UPI,500 / 1000 / 1500 / 2000 / 2500 / 3000 / 5000 / 7500 / 10000 / 100-20000 (custom),Offline,Gift Voucher/ e-Pay is ACCEPTED at all Listed Outlets. Gift Voucher/ e-Pay CANNOT be used Online. Gi
Starbucks,starbucks,OFF,8,8,PAYTM UPI,500 / 1000 / 2000,Offline,The GV/GC is redeemable on the Starbucks India app & at the listed outlets. Multiple GV/GC cannot be
FUTURE WORLD - APPLE RESELLER,future-world,B,3,3,PAYTM UPI,100 / 1000 / 2500 / 5000 / 7500 / 10000 / 100-10000 (custom),Both,The GV/GC will be accepted at the stores and on the website: www.futureworldindia.in . The GV/GC can
Pigeon,pigeon,OFF,10,10,PAYTM UPI,100-10000 (custom),Offline,Gift Voucher/ e-Pay is ACCEPTED at all Listed Outlets. Gift Voucher/ e-Pay CANNOT be used Online. Mu
Shiva Organic,shiva-organic,ON,16,16,PAYTM UPI,500 / 1000,Online,
GIVA Silver Coin,giva-silver-coin,B,6,6,PAYTM UPI,500 / 1000 / 2000,Both,This is a GIVA Insta Gift Voucher (GV) / Gift Card (GC) and would be accepted on the listed outlets 
Foxtale,foxtale,ON,20,20,Credit Card,250 / 500 / 1000 / 1500 / 2000 / 2500 / 5000 / 100-10000 (custom),Online,Gift Voucher/ e-Pay is ACCEPTED Online. Multiple Gift Vouchers CAN be combined & added to the e-Pay 
Malabar Silver Coin,malabar-silver-coin,B,2,2,PAYTM UPI,,Both,The GV/GC can be used at all outlets in India as well as online Shopping portal. Multiple GV/GC (max
Rangriti,rangriti,ON,8,8,PAYTM UPI,500 / 1000 / 1500 / 2000 / 4000 / 5000 / 100-10000 (custom),Online,Gift Vouchers CAN Only be used online. Gift Vouchers CAN be clubbed with any on-going promotions on 
SSUNSU,ssunsu,ON,12,12,PAYTM UPI,500 / 1000 / 2000 / 5000 / 100-10000 (custom),Online,The GV/e-Pay will be accepted only on www.ssunsu.in . Multiple Gift Vouchers CAN be combined & added
Fastrack Smartwatches,fastrack-smartwatches,OFF,8,8,PAYTM UPI,1000 / 1500 / 2000 / 2500 / 3000 / 3500 / 4000 / 5000,Offline,This voucher can be redeemed at all company authorized FASTRACK Stores. Voucher Partial redemption i
Titan Smartwatches,titan-smartwatches,OFF,8,8,PAYTM UPI,1000 / 1500 / 2000 / 2500 / 3000 / 3500 / 4000 / 5000,Offline,This Voucher can be redeemed at all company authorized TITAN WORLD Stores. Multiple vouchers (upto 5
LENSKART,lenskart,B,10,10,PAYTM UPI,1000 / 2000 / 2500 / 3000 / 5000 / 7500 / 10000,Both,"The GV/GC will be accepted on Lenskart's website, app, offline stores, and affiliate platforms. Lens"
Mediwheel,mediwheel,ON,22,22,PAYTM UPI,250 / 500 / 1000 / 2000 / 2500 / 5000 / 100-10000 (custom),Online,GV/GC will be accepted on the website & app. GV/GC can be clubbed with any existing offer on its web
Air India,air-india,ON,5,5,PAYTM UPI,1000 / 2000 / 5000 / 10000,Online,GV/GC can be redeemed on the Air India website and mobile app. Multiple GV/GC can be used in a singl
Cello,cello,ON,13,13,PAYTM UPI,100-10000 (custom),Online,The GV/e-Pay will be accepted on the Cello website. Multiple Gift Vouchers can be combined & added t
Matrix,matrix,ON,13,13,PAYTM UPI,500,Online,The GV/GC will be accepted on the www.matrix.in This is a one-time use GV/GC. The GV/GC can only be 
Tattva Spa,tattva-spa,ON,15,15,Credit Card,100-10000 (custom),Online,GV/ e-Pay is ACCEPTED Online. Multiple GVs can be combined and added to the e-Pay balance. The GV/e-
Zepto,zepto,ON,0,0,,,Online,The GV/GC would only be accepted on the Zepto mobile app and on www.zeptonow.com More than one GV/GC
Steam Wallet,steam-wallet,ON,2,2,PAYTM UPI,175 / 250,Online,GV/GC and can be redeemed only at https://store.steampowered.com/games/. Multiple GVs can be combine
Valorant,valorant,ON,3,3,PAYTM UPI,435 / 475 / 870 / 950,Online,GV/GC and can be redeemed only at https://www.riotgames.com/en. GV/GC cannot be combined with any ot
DUROFLEX,duroflex,ON,11,11,PAYTM UPI,1000 / 2500 / 5000 / 7500 / 10000,Online,The GV/GC can be used online at https://www.duroflexworld.com/. Multiple GVs can be combined and add
Nat Habit,nat-habit,ON,22,22,Credit Card,500 / 1000 / 2000 / 100-10000 (custom),Online,The GV/GC CAN be used Online at www.nathabit.in Multiple Gift Vouchers CAN be combined & added to th
Ikea,ikea,B,5,5,PAYTM UPI,1500 / 2000 / 2500 / 3000 / 5000 / 7500 / 10000,Both,The GV/GC can be used online at https://www.ikea.com/in/en/ & at the listed stores. The GV/GC can be
FRIDO,frido,ON,14,14,PAYTM UPI,500 / 1000 / 2000 / 5000,Online,The GV/GC will be accepted on the website https://www.myfrido.com/.& https://mobility.myfrido.com. M
UniPin,unipin,ON,5,5,Credit Card,100 / 500,Online,Redeemable only on the UniPin India website and valid only within India. Requires BGMI installed on 
UniPin BGMI,unipin-bgmi,ON,5,5,Credit Card,75 / 1900 / 7500,Online,Redeemable only on the UniPin India website and valid only within India. Requires BGMI installed on 
Barbeque Nation Value Voucher,barbeque-nation-value-voucher,OFF,0,0,,,Offline,
Apparel Group,apparel-group,OFF,10,10,Credit Card,500 / 1000 / 2000 / 5000 / 100-10000 (custom),Offline,Gift Voucher/ e-Pay is ACCEPTED at all Listed Outlets. Gift Voucher/ e-Pay CANNOT be used Online. Gi
Soch,soch-apparels,B,8,8,PAYTM UPI,100 / 500 / 1000 / 2000 / 2500 / 5000 / 100-10000 (custom),Both,GV/ e-Pay is ACCEPTED at all Listed Outlets. GV/ e-Pay CANNOT be used Online. GV/e-Pay CAN be clubbe
Femmella,femmella,ON,14,14,PAYTM UPI,500 / 1000 / 2000 / 100-10000 (custom),Online,The GV/GC CAN be used Online at www.femmella.com Multiple Gift Vouchers CAN be combined & added to t
Vinci Botanicals,vinci-botanicals,ON,33,33,Credit Card,500 / 1000 / 2000,Online,The GV/e-Pay will be accepted only on the app or the website. Multiple GVs CAN be combined & added t
Adani Meet and Greet,adani-meet-and-greet,ON,5,5,PAYTM UPI,,Online,"GV/GC is valid at all 7 Adani airports: Mumbai, Ahmedabad, Lucknow, Thiruvananthapuram, Jaipur, Guwa"
Microsoft Xbox Game Pass Core,microsoft-xbox-game-pass-core,ON,0,0,,499 / 2249 / 3349,Online,Customers are not required to enter hyphens in the 25-digit GV/GC code; the system automatically ins
App Store Code,app-store-code,ON,0,0,,,Online,"Do not share your code with anyone you do not know. To redeem, simply click on the code above or vis"
Tanishq Gold Coin,tanishq-gold-coin,OFF,1,1,PAYTM UPI,5000,Offline,Multiple Gift Vouchers CAN be used in one bill. Gift Vouchers CAN be clubbed with on-going promotion
Typsy Beauty,typsy-beauty,ON,18,18,Credit Card,250 / 500 / 750 / 1000 / 2000,Online,The GV/GC CAN be used Online at typsybeauty.com Multiple Gift Vouchers CAN be combined & added to th
Pure Home + Living,pure-home-living,B,10,10,PAYTM UPI,250 / 500 / 1000 / 2000 / 5000 / 7500 / 10000 / 100-10000 (custom),Both,
Reliance Smart Bazaar,reliance-smart-bazaar,OFF,2,2,PAYTM UPI,500 / 1000 / 1500 / 2000 / 2500 / 3000 / 5000 / 7500 / 9999,Offline,Gift Vouchers CAN be used to buy discounted products. This is a one-time use GV/GC. Multiple Gift Vo
Nestasia,nestasia,OFF,13,13,PAYTM UPI,500 / 1000 / 2000 / 5000 / 10000,Offline,Gift Voucher/e-pay is ACCEPTED only at Listed Outlets. Gift Vouchers/e-pay CANNOT be used Online. Gi
Blissclub,blissclub,B,16,16,PAYTM UPI,1000 / 2000 / 5000 / 100-10000 (custom),Both,The GV/GC CAN be used Online at www.blissclub.com & at listed stores Multiple Gift Vouchers CAN be c
Sony Playstation,sony-playstation,ON,0,0,,,Online,The GV/GC can be redeemed only on the PlayStation Store on your console or via the website. Redempti
Yatra Voucher,yatra-voucher,ON,0,0,,500 / 1000 / 1500 / 2000,Online,The GV/GC can be redeemed only at www.yatra.com. GV/GC is valid for 2 months from the date of issue.
Speedo,speedo,ON,13,13,PAYTM UPI,100 / 250 / 500 / 1000 / 2000 / 100-10000 (custom),Online,GV/GC CAN Only be used at www.speedo.com GV/GC CAN be clubbed with on-going promotions/offers. Maxim
ShemarooMe,shemaroome,ON,30,30,PAYTM UPI,299 / 699 / 999,Online,The GV/GC would be accepted on the ShemarooMe Android App and at www.shemaroome.com A single GV/GC c
Taj Hotels J Wellness Circle,taj-wellness-gift-card,OFF,11,11,PAYTM UPI,6000 / 12000,Offline,"The GV/GC can only be redeemed at the participating J Wellness Circle Spas across Taj, SeleQtions, a"
MS Xbox Game Pass Ultimate,ms-xbox-game-pass-ultimate,ON,0,0,,1089 / 3269,Online,Customers are not required to enter hyphens in the 25-digit GV/GC code; the system automatically ins
Microsoft Xbox PC Game Pass,microsoft-xbox-pc-game-pass,ON,0,0,,,Online,Customers are not required to enter hyphens in the 25-digit GV/GC code; the system automatically ins
Ajio Luxe,ajio-luxe,ON,3,3,PAYTM UPI,5000 / 10000,Online,Gift Voucher/Gift Card (GV/GC) can be used online on the Mobile App and the Website. This is a one-t
Tinder,tinder,ON,7,7,PAYTM UPI,160 / 280 / 420 / 585 / 740 / 930 / 999,Online,Gift Vouchers (GV/GC) cannot be blocked once issued. Create your Tinder profile on the mobile app fi
Manyavar,manyavar,OFF,0,0,,1000 / 2500 / 5000 / 7500 / 10000 / 100-10000 (custom),Offline,GV/ e-Pay is ACCEPTED at all Listed Outlets. GV/ e-Pay CANNOT be used Online. GV/e-Pay CAN will not 
French Accent,french-accent,ON,0,0,,500 / 1000 / 2000,Online,The GV/GC will be used online at French Accent website. Multiple GV/GCs can be combined and added to
Haute Sauce,haute-sauce,ON,0,0,,500 / 1000 / 2000,Online,The GV/GC will be used online at Haute Sauce website. Multiple GV/GCs can be combined and added to t
Instafab Plus,instafab-plus,ON,0,0,,500 / 1000 / 2000,Online,The GV/GC will be used online at Instafab Plus website. Multiple GV/GCs can be combined and added to
Urban Space,urban-space,ON,8,8,PAYTM UPI,500 / 1000 / 2000 / 5000 / 100-10000 (custom),Online,The GV/e-Pay CAN be used Online at www.urbanspacestore.in Multiple Gift Vouchers CAN be combined & a
Mobile Postpaid - Bill Payment,mobile-postpaid-bill-payment,OFF,0,0,,100 / 250 / 500 / 1000 / 2000 / 5000 / 7500 / 10000 / 100-10000 (custom),Offline,The GV/e-Pay CAN be used Online at www.gyftr.com/loyaltylifecycle/bills-utilities/mobile-postpaid GV
Landline Bill Payment,landline-bill-payment,ON,0,0,,100 / 250 / 500 / 1000 / 2000 / 5000 / 7500 / 10000 / 100-10000 (custom),Online,The GV/e-Pay CAN be used Online at www.gyftr.com/loyaltylifecycle/bills-utilities/landline-postpaid 
Gas Bill Payment,gas-bill-payment,ON,0,0,,100 / 250 / 500 / 1000 / 2000 / 5000 / 7500 / 10000 / 100-10000 (custom),Online,The GV/e-Pay CAN be used Online at www.gyftr.com/loyaltylifecycle/bills-utilities/lpg-gas GV/e-Pay i
Mobile Prepaid - Recharge,mobile-prepaid-recharge,ON,0,0,,100 / 250 / 500 / 1000 / 2000 / 5000 / 7500 / 10000 / 100-10000 (custom),Online,The GV/e-Pay CAN be used Online at www.gyftr.com/loyaltylifecycle/bills-utilities/mobile-prepaid GV/
Water Bill Payment,water-bill-payment,ON,0,0,,100 / 250 / 500 / 1000 / 2000 / 5000 / 7500 / 10000 / 100-10000 (custom),Online,The GV/e-Pay CAN be used Online at www.gyftr.com/loyaltylifecycle/bills-utilities/water-bill GV/e-Pa
Electricity Bill Payment,electricity-bill-payment,ON,0,0,,100 / 250 / 500 / 1000 / 2000 / 5000 / 7500 / 10000 / 100-10000 (custom),Online,The GV/e-Pay CAN be used Online at www.gyftr.com/loyaltylifecycle/bills-utilities/electricity GV/e-P
Himalaya Wellness,himalaya-wellness,OFF,14,14,PAYTM UPI,100 / 500 / 1000 / 2000 / 100-10000 (custom),Offline,GV/e-Pay is ACCEPTED at all Listed Outlets. GV/e-Pay can be clubbed with the existing offers. Multip
Liberty Online,liberty-online,ON,9,9,PAYTM UPI,250 / 500 / 1000 / 2000 / 5000,Online,The GV/e-Pay CAN be used Online at www.libertyshoesonline.com Multiple Gift Vouchers CAN be combined
Liberty,liberty,OFF,8,8,Credit Card,250 / 500 / 1000 / 2000 / 5000,Offline,GV/e-Pay is ACCEPTED at all Listed Outlets. GV/e-Pay can be clubbed with the existing offers. Multip
CHARLES TYRWHITT- Luxe Gift Card,charles-tyrwitt,OFF,0,0,,1000 / 2000 / 5000 / 10000,Offline,Multiple Gift Vouchers CAN be used in one bill. This Luxe Gift Card is redeemable at more than 45+ p
MAJE- Luxe Gift Card,maje,OFF,0,0,,1000 / 2000 / 5000 / 10000,Offline,Multiple Gift Vouchers CAN be used in one bill. This Luxe Gift Card is redeemable at more than 45+ p
PAUL SHARK- Luxe Gift Card,paul-and-shark,OFF,0,0,,1000 / 2000 / 5000 / 10000,Offline,Multiple Gift Vouchers CAN be used in one bill. This Luxe Gift Card is redeemable at more than 45+ p
Sandro-Luxe Gift Card,sandro,OFF,0,0,,1000 / 2000 / 5000 / 10000,Offline,Multiple Gift Vouchers CAN be used in one bill. This Luxe Gift Card is redeemable at more than 45+ p
SUPERDRY SPORT- Luxe Gift Card,superdry-sport,OFF,0,0,,1000 / 2000 / 5000 / 10000,Offline,Multiple Gift Vouchers CAN be used in one bill. This Luxe Gift Card is redeemable at more than 45+ p
The White Crow-Luxe Gift Card,the-white-crow,OFF,0,0,,1000 / 2000 / 5000 / 10000,Offline,Multiple Gift Vouchers CAN be used in one bill. This Luxe Gift Card is redeemable at more than 45+ p
BOTTEGA VENETA- Luxe Gift Card,bottega-veneta,OFF,10,10,Credit Card,1000 / 2000 / 5000 / 10000,Offline,Multiple Gift Vouchers CAN be used in one bill. This Luxe Gift Card is redeemable at more than 30 pa
JIMMY CHOO- Luxe Gift Card,jimmy-choo,OFF,0,0,,1000 / 2000 / 5000 / 10000,Offline,Multiple Gift Vouchers CAN be used in one bill. This Luxe Gift Card is redeemable at more than 45+ p
TORY BURCH- Luxe Gift Card,tory-burch,OFF,0,0,,1000 / 2000 / 5000 / 10000,Offline,Multiple Gift Vouchers CAN be used in one bill. This Luxe Gift Card is redeemable at more than 45+ p
VALENTINO- Luxe Gift Card,valentino,OFF,0,0,,1000 / 2000 / 5000 / 10000,Offline,Multiple Gift Vouchers CAN be used in one bill. This Luxe Gift Card is redeemable at more than 45+ p
VERSACE- Luxe Gift Card,versace,OFF,0,0,,1000 / 2000 / 5000 / 10000,Offline,Multiple Gift Vouchers CAN be used in one bill. This Luxe Gift Card is redeemable at more than 45+ p
H BY HAMLEYS- Luxe Gift Card,h-by-hamleys,OFF,0,0,,1000 / 2000 / 5000 / 10000,Offline,Multiple Gift Vouchers CAN be used in one bill. This Luxe Gift Card is redeemable at more than 45+ p
ROWAN- Luxe Gift Card,rowan,OFF,0,0,,1000 / 2000 / 5000 / 10000,Offline,Multiple Gift Vouchers CAN be used in one bill. This Luxe Gift Card is redeemable at more than 45+ p
MUJI- Luxe Gift Card,muji,B,0,0,,1000 / 2000 / 5000 / 10000,Both,Multiple Gift Vouchers CAN be used in one bill. This Luxe Gift Card is redeemable at more than 45+ p
VILLEROY AND BOCH- Luxe Gift Card,villeroy-and-boch,OFF,0,0,,1000 / 2000 / 5000 / 10000,Offline,Multiple Gift Vouchers CAN be used in one bill. This Luxe Gift Card is redeemable at more than 45+ p
WEST ELM- Luxe Gift Card,west-elm,B,0,0,,1000 / 2000 / 5000 / 10000,Both,Multiple Gift Vouchers CAN be used in one bill. This Luxe Gift Card is redeemable at more than 45+ p
TODS- Luxe Gift Card,tods,OFF,0,0,,1000 / 2000 / 5000 / 10000,Offline,Multiple Gift Vouchers CAN be used in one bill. This Luxe Gift Card is redeemable at more than 45+ p
RITU KUMAR- Luxe Gift Card,ritu-kumar,B,0,0,,1000 / 2000 / 5000 / 10000,Both,Multiple Gift Vouchers CAN be used in one bill. This Luxe Gift Card is redeemable at more than 45+ p
Abraham & Thakore- Luxe Gift Card,abraham-and-thakore,OFF,0,0,,1000 / 2000 / 5000 / 10000,Offline,Gift Vouchers are ACCEPTED at Listed Abraham & Thakore Outlets. Gift Vouchers CANNOT be used on the 
FERRAGAMO- Luxe Gift Card,ferragamo,OFF,0,0,,1000 / 2000 / 5000 / 10000,Offline,Multiple Gift Vouchers CAN be used in one bill. This Luxe Gift Card is redeemable at more than 45+ p
TUMI- Luxe Gift Card,tumi,B,0,0,,1000 / 2000 / 5000 / 10000,Both,Multiple Gift Vouchers CAN be used in one bill. This Luxe Gift Card is redeemable at more than 45+ p
Sunglass Hut- Luxe Gift Card,sunglass-hut,OFF,0,0,,1000 / 2000 / 5000 / 10000,Offline,Multiple Gift Vouchers CAN be used in one bill. This Luxe Gift Card is redeemable at more than 45+ p
Me N Moms,me-n-moms,ON,11,11,PAYTM UPI,500 / 1000 / 2000 / 100-10000 (custom),Online,The GV/e-Pay CAN only be used Online at www.menmoms.in The GV/GC cannot be used at the offline store
Neemans,neemans,ON,10,10,PAYTM UPI,500 / 1000 / 2000 / 100-10000 (custom),Online,The GV/GC can only be redeemed on their official website: neemans.com . The GV/GC can be used over a
Absolute Barbeque,absolute-barbeque,OFF,10,10,PAYTM UPI,500 / 1000 / 2000 / 5000 / 100-10000 (custom),Offline,Gift Vouchers/e-Pay are ACCEPTED at Listed Outlets only. Gift Vouchers/e-Pay CANNOT be used Online G
Klook,klook,ON,8,8,PAYTM UPI,1000 / 2000 / 5000 / 7500,Online,The GV/GC will be used on the app or website at www.klook.com . This is a one-time use GV/GC. Only o
Roblox,roblox,ON,6,6,PAYTM UPI,,Online,Redeem only at www.roblox.com for Roblox credits to buy Robux or a Premium Subscription. By using th
Subway,subway,OFF,7,7,PAYTM UPI,100 / 250 / 500 / 750 / 1000,Offline,The GV/GC will be used at the listed stores. The GV/GC can be used over and above any discounts. Mul
Citizen Watches,citizen-watches,ON,14,14,PAYTM UPI,500 / 1000 / 2000 / 5000 / 10000 / 100-10000 (custom),Online,The GV/GC can only be redeemed on their official website: https://www.citizenwatches.store/ . The GV
Tim Hortons,tim-hortons,OFF,8,8,PAYTM UPI,500 / 1000,Offline,GV/e-Pay will be accepted at participating Tim Hortons outlets. Multiple Gift Vouchers CAN be combin
Nua Woman,nua-woman,ON,27,27,PAYTM UPI,500 / 1000 / 2000 / 100-10000 (custom),Online,The GV/GC can only be redeemed on their official website: https://nuawoman.com/ The GV/GC can be use
Kimirica,kimirica,ON,17,17,PAYTM UPI,500 / 1000 / 2000 / 5000 / 100-10000 (custom),Online,The GV/GC will be accepted on the website: www.kimirica.shop . The GV/GC can be used over and above 
FlixBus,flixbus,ON,13,13,PAYTM UPI,250 / 1000 / 2000,Online,The GV/GC will be accepted on the website: https://www.FlixBus.in/ &amp; app. The GV/GC cannot be cl
CLAYCO,clayco,ON,22,22,PAYTM UPI,500 / 1000 / 2000,Online,The GV/GC will be accepted on the website: clayco.in . GV/e-Pay can be clubbed with existing offers.
APOLLO DIAGNOSTICS,apollo-diagnostics,ON,0,0,,500 / 1000 / 2000 / 5000,Online,The GV/GC is redeemable only on the mobile app & not on the website. This is a one-time use GV/GC an
ixigo hotel,ixigo-hotel,ON,0,0,,,Online,The GV/GC can only be redeemed on the ixigo app and www.ixigo.com. This is a one-time use GV/GC. The
AJIO,ajio,ON,5,5,PAYTM UPI,500 / 1000 / 2000 / 5000,Online,Gift Voucher/Gift Card (GV/GC) can be used online on the Mobile App and the Website. This is a one-t
Lionsgate Play,lions-gate,ON,23,23,PAYTM UPI,799,Online,The GV/GC will only be accepted on the website: lionsgateplay.com/paymentlanding & app. This is a on
IOCL,iocl,OFF,0,0,,500 / 1000 / 2000 / 5000,Offline,The GV/GC will be accepted only at IOCL Retail Outlets. This is a one-time use GV/GC. Any remaining 
Yatra Hotel Gift Card,yatra-hotel-gift-card,ON,13,13,PAYTM UPI,500 / 1000 / 2000 / 5000,Online,The GV/GC is accepted only online on the mobile application and on the website www.yatra.com . The G
Philips,philips,ON,10,10,PAYTM UPI,500 / 1000 / 2000 / 5000,Online,The GV (Gift Voucher)/e-Pay will be accepted on the mobile app and on the website at https://domesti
Zouk,zouk,ON,13,13,PAYTM UPI,500 / 1000 / 2000 / 100-10000 (custom),Online,Gift Vouchers/e-Pay CAN be used on the Zouk website. Gift Vouchers/e-Pay CAN be used to buy discount
Wellbeing Nutrition,wellbeing-nutrition,ON,14,14,PAYTM UPI,500 / 1000 / 2000 / 5000 / 10-10000 (custom),Online,GV/GC will be accepted on the website via this URL: wellbeingnutrition.com . Multiple Gift Vouchers 
DOMINO'S,dominos,ON,17,17,PAYTM UPI,100 / 250 / 500 / 1000 / 1500 / 2000 / 2500 / 5000 / 100-10000 (custom),Online,The GV/e-Pay can be used only on the Domino’s India Mobile App and cannot be redeemed directly at Do
Milkbasket,milkbasket,ON,3,3,PAYTM UPI,100 / 500 / 1000 / 2000,Online,The GV/e-Pay will be accepted on the mobile app. The GV/e-Pay can be clubbed with the existing offer
Lohono Stays,lohono-stays,ON,11,11,PAYTM UPI,500 / 1000 / 2000 / 5000 / 10000 / 100-10000 (custom),Online,Lohono GV/e-Pay can only be redeemed online at http://www.lohono.com. Multiple GVs can be combined i
NEXT,next,OFF,6,6,PAYTM UPI,1000 / 2000 / 5000 / 10000 / 100-10000 (custom),Offline,GV/ e-Pay is Accepted at all Listed Outlets. GV/e-Pay can be clubbed with the existing offers. Multi
Mango,mango,OFF,6,6,PAYTM UPI,500 / 1000 / 2000 / 5000 / 10000 / 100-10000 (custom),Offline,GV/ e-Pay is Accepted at all Listed Outlets. GV/e-Pay can be clubbed with the existing offers. Multi
Zoomcar,zoomcar,ON,9,10,UPI,500 / 1000 / 2500 / 5000,Online,GV/GC will be accepted only online on the Zoomcar mobile application. This is a one-time use GV/GC. 
STYLE BAAZAR,style-bazaar,OFF,6,6,PAYTM UPI,250 / 500 / 1000 / 2000 / 100-10000 (custom),Offline,This is a Style Baazar GV/e-Pay that will be accepted at the listed retail stores/outlets. The GV/e-
Soulflower,soulflower,ON,17,17,PAYTM UPI,500 / 1000 / 2000 / 5000 / 10000 / 100-10000 (custom),Online,This is a Soulflower GV/e-Pay that will be accepted on the website: soulflower.in The GV/e-Pay can b
Elivaas,elivaas,ON,13,13,PAYTM UPI,1000 / 2000 / 2500 / 5000 / 7500 / 10000,Online,GV/e-Pay will be accepted on the mobile app and on the website. GV/e-Pay can be clubbed with the exi
Palmonas,palmonas,ON,13,13,PAYTM UPI,500 / 1000 / 2000 / 100-10000 (custom),Online,The GV/e-Pay that will be accepted on the Palmonas website. The GV/e-Pay can be clubbed with the exi
Columbia Sportswear,columbia-sportswear,OFF,13,13,PAYTM UPI,500 / 1000 / 2000 / 5000 / 10000 / 100-10000 (custom),Offline,"Columbia Sports GV(Gift Voucher)/e-Pay, and can be redeemed at all the listed retail outlets of Colu"
Minus30,minus30,ON,17,17,PAYTM UPI,50 / 250 / 500 / 1000 / 2000 / 2500 / 100-10000 (custom),Online,The Gift Voucher/e-Pay would only be accepted on the Minus 30 website at https://minus30.co/. Multip
Pronto,pronto,ON,14,14,PAYTM UPI,100 / 250 / 500 / 750 / 1000 / 1500 / 2000 / 100-10000 (custom),Online,Pronto GV (Gift Voucher)/e-Pay that will be accepted on the Pronto App. GV/e-Pay cannot be clubbed w
Cordelia,cordelia,ON,13,13,PAYTM UPI,1000 / 2500 / 3000 / 5000 / 7500 / 10000 / 100-10000 (custom),Online,Gift Vouchers/e-Pay CAN only be used on the Cordelia website. Gift Vouchers/e-Pay CAN be clubbed wit
KALKI,kalki,B,13,13,PAYTM UPI,500 / 1000 / 2000 / 2500 / 5000 / 100-10000 (custom),Both,
Porter Packers and Movers,porter,ON,11,11,PAYTM UPI,1000 / 2500 / 5000 / 10000,Online,Gift Vouchers CAN be used on the Porter app. Gift Vouchers CAN be used only to book Packers & Movers
Roblox Gift Card,roblox-gift-card,ON,4,4,PAYTM UPI,950 / 2375,Online,Gift Voucher is redeemable only on www.roblox.com/redeem. Gift Vouchers CAN be clubbed with the exis
Steam Gift Card,steam-gift-card,ON,2,2,PAYTM UPI,,Online,Gift Voucher is redeemable only at store.steampowered.com/games. Gift Vouchers CANNOT be clubbed wit
Adventra,adventra,ON,15,15,PAYTM UPI,1000 / 2000 / 5000 / 100-10000 (custom),Online,Gift Vouchers/e-Pay CAN be used on the Adventra website only. Gift Vouchers/e-Pay CAN be used to buy
Nautica,nautica,OFF,3.5,3.5,PAYTM UPI,250 / 500 / 1000 / 2000 / 5000 / 10000 / 100-10000 (custom),Offline,
Valorant Gift Card,valorant-gift-card,ON,3,3,PAYTM UPI,475 / 950,Online,
Air India Fly Rajasthan,air-india-fly-rajasthan,OFF,10,10,PAYTM UPI,1000 / 2000 / 5000 / 7500 / 10000,Offline,
Air India Add-ons,air-india-add-ons,OFF,10,10,PAYTM UPI,500 / 1000 / 1500 / 2000,Offline,